AA,0,
AAH,1
AAHED,2
AAHING,3
AAHS,4
AAL,5
AALII,6
AALIIS,7
AALS,8
AARDVARK,9
AARDVARKS,10
AARDWOLF,11
AARDWOLVES,12
AARGH,13
AARRGH,14
AARRGHH,15
AARTI,16
AARTIS,17
AAS,18
AASVOGEL,19
AASVOGELS,20
AB,21
ABA,22
ABAC,23
ABACA,24
ABACAS,25
ABACI,26
ABACK,27
ABACS,28
ABACTERIAL,29
ABACTINAL,30
ABACTINALLY,31
ABACTOR,32
ABACTORS,33
ABACUS,34
ABACUSES,35
ABAFT,36
ABAKA,37
ABAKAS,38
ABALONE,39
ABALONES,40
ABAMP,41
ABAMPERE,42
ABAMPERES,43
ABAMPS,44
ABAND,45
ABANDED,46
ABANDING,47
ABANDON,48
ABANDONED,49
ABANDONEDLY,50
ABANDONEE,51
ABANDONEES,52
ABANDONER,53
ABANDONERS,54
ABANDONING,55
ABANDONMENT,56
ABANDONMENTS,57
ABANDONS,58
ABANDONWARE,59
ABANDONWARES,60
ABANDS,61
ABAPICAL,62
ABAS,63
ABASE,64
ABASED,65
ABASEDLY,66
ABASEMENT,67
ABASEMENTS,68
ABASER,69
ABASERS,70
ABASES,71
ABASH,72
ABASHED,73
ABASHEDLY,74
ABASHES,75
ABASHING,76
ABASHLESS,77
ABASHMENT,78
ABASHMENTS,79
ABASIA,80
ABASIAS,81
ABASING,82
ABASK,83
ABATABLE,84
ABATE,85
ABATED,86
ABATEMENT,87
ABATEMENTS,88
ABATER,89
ABATERS,90
ABATES,91
ABATING,92
ABATIS,93
ABATISES,94
ABATOR,95
ABATORS,96
ABATTIS,97
ABATTISES,98
ABATTOIR,99
ABATTOIRS,100
ABATTU,101
ABATURE,102
ABATURES,103
ABAXIAL,104
ABAXILE,105
ABAYA,106
ABAYAS,107
ABB,108
ABBA,109
ABBACIES,110
ABBACY,111
ABBAS,112
ABBATIAL,113
ABBE,114
ABBED,115
ABBES,116
ABBESS,117
ABBESSES,118
ABBEY,119
ABBEYS,120
ABBOT,121
ABBOTCIES,122
ABBOTCY,123
ABBOTS,124
ABBOTSHIP,125
ABBOTSHIPS,126
ABBREVIATE,127
ABBREVIATED,128
ABBREVIATES,129
ABBREVIATING,130
ABBREVIATION,131
ABBREVIATIONS,132
ABBREVIATOR,133
ABBREVIATORS,134
ABBREVIATORY,135
ABBREVIATURE,136
ABBREVIATURES,137
ABBS,138
ABCEE,139
ABCEES,140
ABCOULOMB,141
ABCOULOMBS,142
ABDABS,143
ABDICABLE,144
ABDICANT,145
ABDICATE,146
ABDICATED,147
ABDICATES,148
ABDICATING,149
ABDICATION,150
ABDICATIONS,151
ABDICATIVE,152
ABDICATOR,153
ABDICATORS,154
ABDOMEN,155
ABDOMENS,156
ABDOMINA,157
ABDOMINAL,158
ABDOMINALLY,159
ABDOMINALS,160
ABDOMINOPLASTY,161
ABDOMINOUS,162
ABDUCE,163
ABDUCED,164
ABDUCENS,165
ABDUCENT,166
ABDUCENTES,167
ABDUCES,168
ABDUCING,169
ABDUCT,170
ABDUCTED,171
ABDUCTEE,172
ABDUCTEES,173
ABDUCTING,174
ABDUCTION,175
ABDUCTIONS,176
ABDUCTOR,177
ABDUCTORES,178
ABDUCTORS,179
ABDUCTS,180
ABEAM,181
ABEAR,182
ABEARING,183
ABEARS,184
ABECEDARIAN,185
ABECEDARIANS,186
ABED,187
ABEGGING,188
ABEIGH,189
ABELE,190
ABELES,191
ABELIA,192
ABELIAN,193
ABELIAS,194
ABELMOSK,195
ABELMOSKS,196
ABERDEVINE,197
ABERDEVINES,198
ABERNETHIES,199
ABERNETHY,200
ABERRANCE,201
ABERRANCES,202
ABERRANCIES,203
ABERRANCY,204
ABERRANT,205
ABERRANTLY,206
ABERRANTS,207
ABERRATE,208
ABERRATED,209
ABERRATES,210
ABERRATING,211
ABERRATION,212
ABERRATIONAL,213
ABERRATIONS,214
ABESSIVE,215
ABESSIVES,216
ABET,217
ABETMENT,218
ABETMENTS,219
ABETS,220
ABETTAL,221
ABETTALS,222
ABETTED,223
ABETTER,224
ABETTERS,225
ABETTING,226
ABETTOR,227
ABETTORS,228
ABEYANCE,229
ABEYANCES,230
ABEYANCIES,231
ABEYANCY,232
ABEYANT,233
ABFARAD,234
ABFARADS,235
ABHENRIES,236
ABHENRY,237
ABHENRYS,238
ABHOMINABLE,239
ABHOR,240
ABHORRED,241
ABHORRENCE,242
ABHORRENCES,243
ABHORRENCIES,244
ABHORRENCY,245
ABHORRENT,246
ABHORRENTLY,247
ABHORRER,248
ABHORRERS,249
ABHORRING,250
ABHORRINGS,251
ABHORS,252
ABID,253
ABIDANCE,254
ABIDANCES,255
ABIDDEN,256
ABIDE,257
ABIDED,258
ABIDER,259
ABIDERS,260
ABIDES,261
ABIDING,262
ABIDINGLY,263
ABIDINGS,264
ABIES,265
ABIETIC,266
ABIGAIL,267
ABIGAILS,268
ABILITIES,269
ABILITY,270
ABIOGENESES,271
ABIOGENESIS,272
ABIOGENETIC,273
ABIOGENETICALLY,274
ABIOGENIC,275
ABIOGENICALLY,276
ABIOGENIST,277
ABIOGENISTS,278
ABIOLOGICAL,279
ABIOSES,280
ABIOSIS,281
ABIOTIC,282
ABIOTICALLY,283
ABIOTROPHIC,284
ABIOTROPHIES,285
ABIOTROPHY,286
ABIRRITANT,287
ABIRRITANTS,288
ABIRRITATE,289
ABIRRITATED,290
ABIRRITATES,291
ABIRRITATING,292
ABITURIENT,293
ABITURIENTS,294
ABJECT,295
ABJECTED,296
ABJECTING,297
ABJECTION,298
ABJECTIONS,299
ABJECTLY,300
ABJECTNESS,301
ABJECTNESSES,302
ABJECTS,303
ABJOINT,304
ABJOINTED,305
ABJOINTING,306
ABJOINTS,307
ABJUNCTION,308
ABJUNCTIONS,309
ABJURATION,310
ABJURATIONS,311
ABJURE,312
ABJURED,313
ABJURER,314
ABJURERS,315
ABJURES,316
ABJURING,317
ABLACTATION,318
ABLACTATIONS,319
ABLATE,320
ABLATED,321
ABLATES,322
ABLATING,323
ABLATION,324
ABLATIONS,325
ABLATITIOUS,326
ABLATIVAL,327
ABLATIVE,328
ABLATIVELY,329
ABLATIVES,330
ABLATOR,331
ABLATORS,332
ABLAUT,333
ABLAUTS,334
ABLAZE,335
ABLE,336
ABLED,337
ABLEGATE,338
ABLEGATES,339
ABLEISM,340
ABLEISMS,341
ABLEIST,342
ABLEISTS,343
ABLER,344
ABLES,345
ABLEST,346
ABLET,347
ABLETS,348
ABLING,349
ABLINGS,350
ABLINS,351
ABLOOM,352
ABLOW,353
ABLUENT,354
ABLUENTS,355
ABLUSH,356
ABLUTED,357
ABLUTION,358
ABLUTIONARY,359
ABLUTIONS,360
ABLUTOMANE,361
ABLUTOMANES,362
ABLY,363
ABMHO,364
ABMHOS,365
ABNEGATE,366
ABNEGATED,367
ABNEGATES,368
ABNEGATING,369
ABNEGATION,370
ABNEGATIONS,371
ABNEGATOR,372
ABNEGATORS,373
ABNORMAL,374
ABNORMALISM,375
ABNORMALISMS,376
ABNORMALITIES,377
ABNORMALITY,378
ABNORMALLY,379
ABNORMALS,380
ABNORMITIES,381
ABNORMITY,382
ABNORMOUS,383
ABO,384
ABOARD,385
ABODE,386
ABODED,387
ABODEMENT,388
ABODEMENTS,389
ABODES,390
ABODING,391
ABOHM,392
ABOHMS,393
ABOIDEAU,394
ABOIDEAUS,395
ABOIDEAUX,396
ABOIL,397
ABOITEAU,398
ABOITEAUS,399
ABOITEAUX,400
ABOLISH,401
ABOLISHABLE,402
ABOLISHED,403
ABOLISHER,404
ABOLISHERS,405
ABOLISHES,406
ABOLISHING,407
ABOLISHMENT,408
ABOLISHMENTS,409
ABOLITION,410
ABOLITIONAL,411
ABOLITIONARY,412
ABOLITIONISM,413
ABOLITIONISMS,414
ABOLITIONIST,415
ABOLITIONISTS,416
ABOLITIONS,417
ABOLLA,418
ABOLLAE,419
ABOLLAS,420
ABOMA,421
ABOMAS,422
ABOMASA,423
ABOMASAL,424
ABOMASI,425
ABOMASUM,426
ABOMASUS,427
ABOMASUSES,428
ABOMINABLE,429
ABOMINABLENESS,430
ABOMINABLY,431
ABOMINATE,432
ABOMINATED,433
ABOMINATES,434
ABOMINATING,435
ABOMINATION,436
ABOMINATIONS,437
ABOMINATOR,438
ABOMINATORS,439
ABONDANCE,440
ABONDANCES,441
ABONNEMENT,442
ABONNEMENTS,443
ABOON,444
ABORAL,445
ABORALLY,446
ABORD,447
ABORDED,448
ABORDING,449
ABORDS,450
ABORE,451
ABORIGEN,452
ABORIGENS,453
ABORIGIN,454
ABORIGINAL,455
ABORIGINALISM,456
ABORIGINALISMS,457
ABORIGINALITIES,458
ABORIGINALITY,459
ABORIGINALLY,460
ABORIGINALS,461
ABORIGINE,462
ABORIGINES,463
ABORIGINS,464
ABORNE,465
ABORNING,466
ABORT,467
ABORTED,468
ABORTEE,469
ABORTEES,470
ABORTER,471
ABORTERS,472
ABORTICIDE,473
ABORTICIDES,474
ABORTIFACIENT,475
ABORTIFACIENTS,476
ABORTING,477
ABORTION,478
ABORTIONAL,479
ABORTIONIST,480
ABORTIONISTS,481
ABORTIONS,482
ABORTIVE,483
ABORTIVELY,484
ABORTIVENESS,485
ABORTIVENESSES,486
ABORTS,487
ABORTUARIES,488
ABORTUARY,489
ABORTUS,490
ABORTUSES,491
ABOS,492
ABOUGHT,493
ABOULIA,494
ABOULIAS,495
ABOULIC,496
ABOUND,497
ABOUNDED,498
ABOUNDING,499
ABOUNDS,500
ABOUT,501
ABOUTS,502
ABOVE,503
ABOVEBOARD,504
ABOVEGROUND,505
ABOVES,506
ABRACADABRA,507
ABRACADABRAS,508
ABRACHIA,509
ABRACHIAS,510
ABRADABLE,511
ABRADANT,512
ABRADANTS,513
ABRADE,514
ABRADED,515
ABRADER,516
ABRADERS,517
ABRADES,518
ABRADING,519
ABRAID,520
ABRAIDED,521
ABRAIDING,522
ABRAIDS,523
ABRAM,524
ABRANCHIAL,525
ABRANCHIATE,526
ABRASAX,527
ABRASAXES,528
ABRASION,529
ABRASIONS,530
ABRASIVE,531
ABRASIVELY,532
ABRASIVENESS,533
ABRASIVENESSES,534
ABRASIVES,535
ABRAXAS,536
ABRAXASES,537
ABRAY,538
ABRAYED,539
ABRAYING,540
ABRAYS,541
ABRAZO,542
ABRAZOS,543
ABREACT,544
ABREACTED,545
ABREACTING,546
ABREACTION,547
ABREACTIONS,548
ABREACTIVE,549
ABREACTS,550
ABREAST,551
ABREGE,552
ABREGES,553
ABRI,554
ABRICOCK,555
ABRICOCKS,556
ABRIDGABLE,557
ABRIDGE,558
ABRIDGEABLE,559
ABRIDGED,560
ABRIDGEMENT,561
ABRIDGEMENTS,562
ABRIDGER,563
ABRIDGERS,564
ABRIDGES,565
ABRIDGING,566
ABRIDGMENT,567
ABRIDGMENTS,568
ABRIM,569
ABRIN,570
ABRINS,571
ABRIS,572
ABROACH,573
ABROAD,574
ABROADS,575
ABROGABLE,576
ABROGATE,577
ABROGATED,578
ABROGATES,579
ABROGATING,580
ABROGATION,581
ABROGATIONS,582
ABROGATIVE,583
ABROGATOR,584
ABROGATORS,585
ABROOKE,586
ABROOKED,587
ABROOKES,588
ABROOKING,589
ABROSIA,590
ABROSIAS,591
ABRUPT,592
ABRUPTER,593
ABRUPTEST,594
ABRUPTION,595
ABRUPTIONS,596
ABRUPTLY,597
ABRUPTNESS,598
ABRUPTNESSES,599
ABRUPTS,600
ABS,601
ABSCESS,602
ABSCESSED,603
ABSCESSES,604
ABSCESSING,605
ABSCIND,606
ABSCINDED,607
ABSCINDING,608
ABSCINDS,609
ABSCISE,610
ABSCISED,611
ABSCISES,612
ABSCISIN,613
ABSCISING,614
ABSCISINS,615
ABSCISS,616
ABSCISSA,617
ABSCISSAE,618
ABSCISSAS,619
ABSCISSE,620
ABSCISSES,621
ABSCISSIN,622
ABSCISSINS,623
ABSCISSION,624
ABSCISSIONS,625
ABSCOND,626
ABSCONDED,627
ABSCONDENCE,628
ABSCONDENCES,629
ABSCONDER,630